Employee_Name,Employee_EmailID,Employee_Gender,Secret_Child_Name,Secret_Child_EmailID,Secret_Gender
Hamish Murray,hamish.murray@acme.com,M,Charlie Ross,charlie.ross.jr@acme.com,O
Layla Graham,layla.graham@acme.com,F,Charlie Wright,charlie.wright@acme.com,M
Matthew King,matthew.king@acme.com,O,Hamish Murray,hamish.murray@acme.com,M
Benjamin Collins,benjamin.collins@acme.com,M,Charlie Ross,charlie.ross@acme.com,O
Isabella Scott,isabella.scott@acme.com,F,Mark Lawrence,mark.lawrence@acme.com,O
Charlie Ross,charlie.ross@acme.com,O,Layla Graham,layla.graham@acme.com,F
Hamish Murray,hamish.murray.sr@acme.com,M,Matthew King,matthew.king@acme.com,O
Piper Stewart,piper.stewart@acme.com,F,Hamish Murray,hamish.murray.sr@acme.com,M
Spencer Allen,spencer.allen@acme.com,O,Benjamin Collins,benjamin.collins@acme.com,M
Charlie Wright,charlie.wright@acme.com,M,Isabella Scott,isabella.scott@acme.com,F
Hamish Murray,hamish.murray.jr@acme.com,F,Spencer Allen,spencer.allen@acme.com,O
Charlie Ross,charlie.ross.jr@acme.com,O,Hamish Murray,hamish.murray.jr@acme.com,F
Ethan Murray,ethan.murray@acme.com,M,Matthew King,matthew.king.jr@acme.com,F
Matthew King,matthew.king.jr@acme.com,F,Ethan Murray,ethan.murray@acme.com,M
Mark Lawrence,mark.lawrence@acme.com,O,Piper Stewart,piper.stewart@acme.com,F
