Employee_Name,Employee_EmailID,Employee_Gender,Employee_Team,Secret_Child_Name,Secret_Child_EmailID,Secret_Gender,Secret_Team
Hamish Murray,hamish.murray@acme.com,M,Engineering,Benjamin Collins,benjamin.collins@acme.com,M,Sales
Layla Graham,layla.graham@acme.com,F,Security,Mark Lawrence,mark.lawrence@acme.com,O,Sales
Matthew King,matthew.king@acme.com,O,Sales,Hamish Murray,hamish.murray@acme.com,M,Engineering
Benjamin Collins,benjamin.collins@acme.com,M,Sales,Charlie Ross,charlie.ross@acme.com,O,Engineering
Isabella Scott,isabella.scott@acme.com,F,Security,Spencer Allen,spencer.allen@acme.com,O,Sales
Charlie Ross,charlie.ross@acme.com,O,Engineering,Matthew King,matthew.king@acme.com,O,Sales
Hamish Murray,hamish.murray.sr@acme.com,M,Engineering,Piper Stewart,piper.stewart@acme.com,F,Security
Piper Stewart,piper.stewart@acme.com,F,Security,Ethan Murray,ethan.murray@acme.com,M,Engineering
Spencer Allen,spencer.allen@acme.com,O,Sales,Charlie Wright,charlie.wright@acme.com,M,Engineering
Charlie Wright,charlie.wright@acme.com,M,Engineering,Layla Graham,layla.graham@acme.com,F,Security
Hamish Murray,hamish.murray.jr@acme.com,F,Security,Charlie Ross,charlie.ross.jr@acme.com,O,Sales
Charlie Ross,charlie.ross.jr@acme.com,O,Sales,Hamish Murray,hamish.murray.jr@acme.com,F,Security
Ethan Murray,ethan.murray@acme.com,M,Engineering,Isabella Scott,isabella.scott@acme.com,F,Security
Matthew King,matthew.king.jr@acme.com,F,Security,Hamish Murray,hamish.murray.sr@acme.com,M,Engineering
Mark Lawrence,mark.lawrence@acme.com,O,Sales,Matthew King,matthew.king.jr@acme.com,F,Security
